id,year,team,average_age,runs_per_game,wins,losses,win_loss_percentage,ERA,run_average_9,games,games_started,games_finished,complete_game,shutouts,saves,innings_pitched,hits,runs,earned_runs,home_runs,walks,intentional_walks,strikeouts,hit_batter,balks,wild_pitches,batters_faced,WHIP,strikeout_walk
1,2021,LG Twins,26.3,3.9,72,57,0.558,3.57,3.96,143,143.0,143.0,0,18,32,1264.1,1117,557,501,79,542,17.0,1062,97,5.0,43.0,5416,1.312,1.96
2,2021,KT Wiz,28.4,4.06,75,59,0.56,3.67,4.17,143,143.0,141.0,2,6,33,1255.0,1166,581,512,85,486,18.0,1051,42,1.0,56.0,5359,1.316,2.16
3,2021,Doosan Bears,27.5,4.57,70,65,0.519,4.28,4.66,143,143.0,141.0,2,10,27,1260.1,1288,653,599,104,586,16.0,1037,73,7.0,51.0,5596,1.487,1.77
4,2021,Samsung Lions,28.8,4.57,75,59,0.56,4.29,4.7,143,143.0,141.0,2,14,46,1250.0,1287,653,596,129,526,13.0,1031,51,3.0,56.0,5496,1.45,1.96
5,2021,NC Dinos,27.7,4.8,67,67,0.5,4.5,4.95,143,143.0,140.0,3,10,33,1247.2,1256,686,624,122,585,14.0,1046,77,8.0,74.0,5575,1.476,1.79
6,2021,Kiwoom Heroes,25.8,4.89,69,67,0.507,4.33,5.02,143,143.0,142.0,1,7,30,1254.1,1276,699,604,100,566,27.0,893,80,4.0,58.0,5568,1.469,1.58
7,2021,SSG Landers,27.3,5.13,66,63,0.512,4.8,5.2,143,143.0,143.0,0,5,25,1267.2,1283,733,676,147,623,27.0,1006,78,9.0,40.0,5661,1.504,1.61
8,2021,Hanwha Eagles,27.0,5.13,49,82,0.374,4.67,5.29,143,143.0,142.0,1,6,21,1249.2,1200,734,648,114,669,22.0,1006,101,11.0,56.0,5633,1.496,1.5
9,2021,Kia Tigers,25.3,5.22,58,75,0.436,4.89,5.33,143,143.0,142.0,1,6,36,1260.0,1274,746,684,133,616,5.0,946,104,9.0,58.0,5658,1.5,1.54
10,2021,Lotte Giants,27.1,5.64,64,71,0.474,5.39,5.75,143,143.0,142.0,1,12,36,1262.0,1330,806,756,132,653,19.0,1047,86,5.0,102.0,5722,1.571,1.6
11,2020,Kiwoom Heroes,26.4,4.81,80,63,0.559,4.39,4.86,144,144.0,144.0,0,6,42,1280.1,1336,692,624,126,446,16.0,950,73,7.0,51.0,5556,1.392,2.13
12,2020,LG Twins,27.4,4.82,79,61,0.564,4.37,4.83,144,144.0,142.0,2,13,29,1292.2,1344,694,627,123,493,12.0,1019,86,4.0,49.0,5655,1.421,2.07
13,2020,Doosan Bears,26.7,4.83,79,61,0.564,4.31,4.87,144,144.0,143.0,1,13,23,1285.2,1395,695,616,109,478,22.0,1046,61,4.0,52.0,5681,1.457,2.19
14,2020,NC Dinos,27.5,4.96,83,55,0.601,4.58,4.96,144,144.0,144.0,0,7,31,1296.2,1292,714,660,153,547,10.0,1049,79,7.0,65.0,5690,1.418,1.92
15,2020,KT Wiz,27.5,4.97,81,62,0.566,4.54,4.99,144,144.0,144.0,0,5,33,1290.1,1357,715,651,118,523,20.0,848,59,1.0,75.0,5680,1.457,1.62
16,2020,Lotte Giants,28.8,5.0,71,72,0.497,4.64,5.07,144,144.0,143.0,1,16,25,1277.1,1351,720,659,143,447,25.0,1002,58,4.0,62.0,5583,1.408,2.24
17,2020,Samsung Lions,27.6,5.17,64,75,0.46,4.78,5.27,144,144.0,141.0,3,11,25,1272.1,1330,745,676,151,542,16.0,931,67,5.0,55.0,5634,1.471,1.72
18,2020,Kia Tigers,27.3,5.52,73,71,0.507,5.13,5.63,144,144.0,143.0,1,5,33,1270.0,1399,795,724,120,559,8.0,1038,70,4.0,78.0,5681,1.542,1.86
19,2020,Hanwha Eagles,27.2,5.69,46,95,0.326,5.28,5.83,144,144.0,143.0,1,6,21,1265.0,1400,820,742,158,609,22.0,1019,79,5.0,76.0,5756,1.588,1.67
20,2020,SK Wyverns,27.4,5.88,51,92,0.357,5.57,6.05,144,144.0,143.0,1,3,20,1259.1,1343,846,780,162,670,12.0,953,84,5.0,85.0,5727,1.598,1.42
21,2019,SK Wyverns,28.8,3.79,88,55,0.615,3.48,3.8,144,144.0,144.0,0,19,51,1292.1,1240,546,500,99,436,12.0,1092,50,4.0,50.0,5463,1.297,2.5
22,2019,Doosan Bears,28.8,3.82,88,55,0.615,3.51,3.86,144,144.0,141.0,3,10,44,1283.2,1259,550,500,78,380,22.0,860,70,5.0,48.0,5434,1.277,2.26
23,2019,Kiwoom Heroes,26.5,3.97,86,57,0.601,3.61,4.03,144,144.0,142.0,2,12,39,1279.0,1293,572,513,61,371,3.0,984,58,6.0,45.0,5427,1.301,2.65
24,2019,NC Dinos,27.2,4.38,73,69,0.514,4.01,4.42,144,144.0,139.0,5,8,32,1284.1,1285,631,572,103,483,10.0,991,92,2.0,68.0,5578,1.377,2.05
25,2019,LG Twins,27.6,4.4,79,64,0.552,3.86,4.44,144,144.0,143.0,1,9,43,1283.1,1257,633,551,89,499,15.0,953,91,1.0,64.0,5555,1.368,1.91
26,2019,KT Wiz,25.5,4.59,71,71,0.5,4.29,4.66,144,144.0,142.0,2,10,37,1277.0,1303,661,608,118,481,17.0,848,61,6.0,50.0,5533,1.397,1.76
27,2019,Kia Tigers,26.2,5.02,62,80,0.437,4.65,5.15,144,144.0,141.0,3,11,30,1264.0,1362,723,653,101,504,17.0,976,76,2.0,51.0,5614,1.476,1.94
28,2019,Samsung Lions,28.6,5.08,60,83,0.42,4.64,5.16,144,144.0,140.0,4,8,29,1275.1,1332,731,658,125,523,9.0,924,70,5.0,49.0,5638,1.455,1.77
29,2019,Hanwha Eagles,27.3,5.12,58,86,0.403,4.8,5.23,144,144.0,142.0,2,8,28,1268.2,1407,737,677,120,526,9.0,934,72,4.0,66.0,5656,1.524,1.78
30,2019,Lotte Giants,28.8,5.31,48,93,0.34,4.83,5.41,144,144.0,143.0,1,8,16,1271.0,1407,764,682,120,546,33.0,1033,71,4.0,103.0,5729,1.537,1.89
31,2018,SK Wyverns,29.2,5.06,78,65,0.545,4.67,5.15,144,144.0,144.0,0,7,29,1274.2,1353,729,662,189,425,15.0,1130,74,2.0,62.0,5563,1.395,2.66
32,2018,Doosan Bears,27.7,5.25,93,51,0.646,4.98,5.28,144,144.0,143.0,1,9,41,1288.2,1401,756,713,154,476,17.0,1025,109,2.0,72.0,5700,1.457,2.15
33,2018,Hanwha Eagles,27.7,5.28,77,67,0.535,4.93,5.38,144,144.0,144.0,0,5,37,1274.0,1394,761,698,164,472,9.0,1124,89,7.0,78.0,5637,1.465,2.38
34,2018,Nexen Heroes,27.1,5.42,75,69,0.521,5.08,5.48,144,144.0,140.0,4,2,32,1282.0,1442,780,723,178,416,13.0,1021,98,4.0,59.0,5646,1.449,2.45
35,2018,Samsung Lions,28.7,5.57,68,72,0.486,5.19,5.62,144,144.0,144.0,0,5,33,1285.1,1477,802,741,185,441,10.0,1114,107,5.0,45.0,5740,1.492,2.53
36,2018,LG Twins,27.7,5.67,68,75,0.476,5.29,5.79,144,144.0,141.0,3,7,29,1268.2,1434,816,746,159,453,13.0,1058,89,4.0,72.0,5677,1.487,2.34
37,2018,Kia Tigers,28.1,5.74,70,74,0.486,5.4,5.85,144,144.0,140.0,4,5,26,1270.2,1511,826,763,181,445,28.0,1017,69,3.0,65.0,5708,1.539,2.29
38,2018,KT Wiz,27.9,5.79,59,82,0.418,5.34,5.89,144,144.0,140.0,4,5,24,1274.1,1580,834,756,194,409,25.0,1025,84,1.0,63.0,5743,1.561,2.51
39,2018,NC Dinos,26.4,5.86,58,85,0.406,5.48,6.01,144,144.0,143.0,1,4,24,1264.0,1443,844,769,186,537,17.0,1010,68,6.0,92.0,5701,1.566,1.88
40,2018,Lotte Giants,30.4,5.88,68,74,0.479,5.37,5.93,144,144.0,144.0,0,6,29,1283.2,1410,846,766,166,548,23.0,1164,73,7.0,65.0,5788,1.525,2.12
41,2017,LG Twins,28.7,4.7,69,72,0.489,4.3,4.76,144,144.0,140.0,4,6,32,1279.0,1305,677,611,124,379,31.0,1040,102,3.0,81.0,5507,1.317,2.74
42,2017,Doosan Bears,29.4,4.71,84,57,0.596,4.38,4.74,144,144.0,141.0,3,9,35,1288.0,1405,678,627,125,464,11.0,956,87,4.0,54.0,5682,1.451,2.06
43,2017,Lotte Giants,28.9,4.87,80,62,0.563,4.56,4.9,144,144.0,143.0,1,10,39,1287.1,1357,701,652,162,477,25.0,1096,79,7.0,67.0,5634,1.425,2.3
44,2017,Kia Tigers,28.1,5.16,87,56,0.608,4.79,5.18,144,144.0,139.0,5,5,33,1290.0,1518,743,687,137,434,22.0,985,77,4.0,69.0,5748,1.513,2.27
45,2017,NC Dinos,27.1,5.17,79,62,0.56,4.71,5.22,144,144.0,143.0,1,10,32,1284.2,1342,745,673,169,470,12.0,1097,93,3.0,93.0,5640,1.41,2.33
46,2017,Nexen Heroes,27.7,5.31,69,73,0.486,5.03,5.41,144,144.0,142.0,2,5,40,1271.0,1488,764,710,149,388,10.0,1005,97,3.0,56.0,5663,1.476,2.59
47,2017,SK Wyverns,29.0,5.33,75,68,0.524,5.02,5.43,144,144.0,142.0,2,4,30,1270.2,1443,767,709,154,481,35.0,940,105,7.0,61.0,5692,1.514,1.95
48,2017,Hanwha Eagles,31.2,5.69,61,81,0.43,5.28,5.8,144,144.0,143.0,1,5,31,1273.0,1474,820,747,166,446,13.0,914,100,4.0,77.0,5698,1.508,2.05
49,2017,KT Wiz,25.5,6.08,50,94,0.347,5.75,6.28,144,144.0,140.0,4,7,22,1256.0,1524,876,803,174,433,11.0,913,95,6.0,77.0,5702,1.558,2.11
50,2017,Samsung Lions,28.5,6.33,55,84,0.396,5.88,6.4,144,144.0,143.0,1,3,27,1281.1,1541,911,837,187,548,15.0,1063,118,4.0,74.0,5916,1.63,1.94
51,2016,Doosan Bears,29.1,4.74,93,50,0.65,4.45,4.77,144,144.0,142.0,2,7,36,1287.2,1385,682,636,136,498,7.0,982,77,4.0,66.0,5658,1.462,1.97
52,2016,NC Dinos,26.2,4.79,83,58,0.589,4.48,4.83,144,144.0,144.0,0,10,36,1286.1,1314,690,640,137,516,2.0,1147,86,7.0,84.0,5643,1.423,2.22
53,2016,Nexen Heroes,27.6,5.26,77,66,0.538,4.96,5.32,144,144.0,144.0,0,4,38,1280.1,1487,757,705,152,435,3.0,895,68,3.0,50.0,5684,1.501,2.06
54,2016,SK Wyverns,28.5,5.44,69,75,0.479,4.87,5.54,144,144.0,143.0,1,5,31,1274.0,1386,784,689,151,527,18.0,945,76,7.0,65.0,5659,1.502,1.79
55,2016,Kia Tigers,28.1,5.45,70,73,0.49,4.97,5.54,144,144.0,137.0,7,5,38,1276.0,1456,785,705,131,561,18.0,965,59,7.0,69.0,5771,1.581,1.72
56,2016,LG Twins,28.9,5.6,71,71,0.5,5.04,5.64,144,144.0,142.0,2,5,34,1287.2,1426,807,721,122,539,27.0,909,109,1.0,84.0,5782,1.526,1.69
57,2016,Lotte Giants,28.4,6.01,66,78,0.458,5.63,6.15,144,144.0,142.0,2,5,27,1266.1,1486,865,792,161,585,27.0,1009,78,5.0,82.0,5785,1.635,1.72
58,2016,Samsung Lions,28.8,6.03,65,78,0.455,5.64,6.1,144,144.0,142.0,2,4,34,1282.1,1507,869,804,193,518,6.0,935,87,8.0,52.0,5799,1.579,1.81
59,2016,Hanwha Eagles,30.5,6.31,66,75,0.468,5.76,6.32,144,144.0,143.0,1,2,24,1292.2,1520,908,827,155,634,23.0,976,76,6.0,72.0,5937,1.666,1.54
60,2016,KT Wiz,25.4,6.44,53,89,0.373,5.92,6.55,144,144.0,143.0,1,2,27,1273.0,1593,927,838,145,560,9.0,980,84,9.0,77.0,5896,1.691,1.75
61,2015,NC Dinos,27.9,4.55,84,57,0.596,4.26,4.61,144,144.0,143.0,1,11,37,1279.1,1283,655,605,149,436,13.0,1057,113,3.0,60.0,5536,1.344,2.42
62,2015,Samsung Lions,30.3,4.97,88,56,0.611,4.69,5.05,144,144.0,140.0,4,7,34,1275.1,1323,716,665,182,423,11.0,1194,64,2.0,44.0,5523,1.369,2.82
63,2015,LG Twins,28.9,5.01,64,78,0.451,4.62,5.07,144,144.0,141.0,3,5,25,1279.2,1352,721,657,125,490,30.0,1063,98,3.0,82.0,5599,1.439,2.17
64,2015,SK Wyverns,28.3,5.03,69,73,0.486,4.71,5.09,144,144.0,141.0,3,7,31,1280.2,1358,724,670,153,517,31.0,1149,70,4.0,71.0,5646,1.464,2.22
65,2015,Kia Tigers,28.4,5.13,67,77,0.465,4.79,5.22,144,144.0,143.0,1,10,32,1273.0,1371,739,678,143,572,22.0,979,98,4.0,80.0,5673,1.526,1.71
66,2015,Doosan Bears,27.9,5.39,79,65,0.549,5.02,5.43,144,144.0,141.0,3,10,30,1286.0,1385,776,718,138,584,15.0,1064,77,11.0,72.0,5762,1.531,1.82
67,2015,Nexen Heroes,27.5,5.49,78,65,0.545,4.91,5.53,144,144.0,143.0,1,7,29,1286.0,1404,790,701,146,518,8.0,1066,81,4.0,85.0,5709,1.495,2.06
68,2015,Hanwha Eagles,30.4,5.56,68,76,0.472,5.11,5.63,144,144.0,139.0,5,7,32,1279.2,1349,800,727,157,648,38.0,920,96,9.0,85.0,5771,1.561,1.42
69,2015,Lotte Giants,30.3,5.57,66,77,0.462,5.07,5.63,144,144.0,141.0,3,5,19,1281.1,1461,802,722,164,489,26.0,1015,87,3.0,89.0,5724,1.522,2.08
70,2015,KT Wiz,25.9,6.08,52,91,0.364,5.56,6.22,144,144.0,141.0,3,3,16,1266.2,1518,875,782,154,577,17.0,1046,87,4.0,86.0,5799,1.654,1.81
71,2014,NC Dinos,27.5,4.75,70,57,0.551,4.29,4.82,128,128.0,125.0,3,4,31,1135.2,1174,608,541,117,481,8.0,848,73,5.0,50.0,5003,1.457,1.76
72,2014,Samsung Lions,30.2,4.85,78,47,0.624,4.52,4.89,128,128.0,125.0,3,6,35,1144.0,1217,621,575,120,395,11.0,996,61,3.0,51.0,4990,1.409,2.52
73,2014,LG Twins,29.1,5.02,62,64,0.492,4.58,5.06,128,128.0,126.0,2,9,35,1142.2,1211,643,581,104,419,25.0,810,95,1.0,51.0,5028,1.426,1.93
74,2014,Nexen Heroes,27.9,5.59,78,48,0.619,5.25,5.69,128,128.0,128.0,0,3,35,1131.2,1299,716,660,142,516,2.0,901,61,4.0,55.0,5107,1.604,1.75
75,2014,Lotte Giants,32.4,5.62,58,69,0.457,5.19,5.71,128,128.0,128.0,0,4,28,1133.1,1310,719,654,127,471,13.0,781,52,1.0,54.0,5092,1.571,1.66
76,2014,Doosan Bears,28.2,5.73,59,68,0.465,5.43,5.87,128,128.0,124.0,4,2,19,1123.2,1311,733,678,121,450,4.0,840,58,4.0,56.0,5066,1.567,1.87
77,2014,SK Wyverns,28.9,5.94,61,65,0.484,5.51,6.06,128,128.0,126.0,2,3,26,1129.1,1271,760,692,153,522,19.0,837,68,1.0,67.0,5112,1.588,1.6
78,2014,Kia Tigers,28.9,6.16,54,74,0.422,5.82,6.32,128,128.0,126.0,2,5,26,1121.2,1289,788,725,116,561,8.0,896,67,1.0,78.0,5143,1.649,1.6
79,2014,Hanwha Eagles,27.0,6.95,49,77,0.389,6.35,7.09,128,128.0,126.0,2,3,26,1129.0,1451,889,796,162,537,14.0,748,81,3.0,83.0,5312,1.761,1.39
80,2013,LG Twins,29.8,3.98,74,54,0.578,3.72,4.05,128,128.0,124.0,4,9,42,1134.2,1131,510,469,74,406,27.0,822,87,2.0,46.0,4848,1.355,2.02
81,2013,Samsung Lions,28.5,4.26,75,51,0.595,3.98,4.28,128,128.0,126.0,2,5,31,1146.2,1119,545,507,98,411,12.0,955,60,4.0,44.0,4896,1.334,2.32
82,2013,NC Dinos,25.7,4.3,52,72,0.419,3.96,4.33,128,128.0,123.0,5,5,26,1144.1,1077,551,503,96,458,13.0,857,94,6.0,60.0,4919,1.341,1.87
83,2013,Lotte Giants,31.2,4.32,66,58,0.532,3.93,4.33,128,128.0,127.0,1,11,38,1149.1,1148,553,502,84,489,15.0,820,62,0.0,45.0,4986,1.424,1.68
84,2013,SK Wyverns,28.2,4.46,62,63,0.496,4.16,4.51,128,128.0,124.0,4,8,31,1139.0,1091,571,527,101,505,15.0,878,70,5.0,66.0,4932,1.401,1.74
85,2013,Nexen Heroes,29.6,4.5,72,54,0.571,4.12,4.52,128,128.0,128.0,0,7,50,1146.1,1160,576,525,75,503,8.0,860,84,3.0,52.0,4996,1.451,1.71
86,2013,Doosan Bears,28.5,4.88,71,54,0.568,4.57,4.89,128,128.0,127.0,1,8,30,1150.1,1183,625,584,84,514,10.0,848,76,6.0,55.0,5043,1.475,1.65
87,2013,Hanwha Eagles,26.8,5.55,42,85,0.331,5.31,5.67,128,128.0,126.0,2,2,22,1129.0,1195,711,666,98,532,17.0,822,95,8.0,89.0,5073,1.53,1.55
88,2013,Kia Tigers,28.0,5.55,51,74,0.408,5.12,5.6,128,128.0,126.0,2,3,32,1142.1,1307,711,650,88,532,12.0,923,76,6.0,73.0,5200,1.61,1.74
89,2012,Samsung Lions,29.0,3.56,80,51,0.611,3.39,3.58,133,133.0,130.0,3,13,39,1187.2,1085,473,448,65,384,14.0,885,37,5.0,46.0,4941,1.237,2.3
90,2012,Lotte Giants,29.9,3.89,65,62,0.512,3.48,3.92,133,133.0,130.0,3,9,39,1190.1,1145,518,460,74,469,20.0,825,53,1.0,65.0,5070,1.356,1.76
91,2012,Doosan Bears,28.3,3.9,68,62,0.523,3.58,3.91,133,133.0,124.0,9,12,38,1193.1,1053,519,475,66,491,17.0,802,57,4.0,57.0,5012,1.294,1.63
92,2012,SK Wyverns,28.7,3.97,71,59,0.546,3.82,4.02,133,133.0,133.0,0,10,40,1181.1,1114,528,502,90,457,26.0,814,70,7.0,35.0,5007,1.33,1.78
93,2012,Nexen Heroes,28.0,4.14,61,69,0.469,3.83,4.18,133,133.0,130.0,3,6,36,1187.1,1131,551,505,80,535,9.0,853,74,0.0,62.0,5116,1.403,1.59
94,2012,Kia Tigers,27.8,4.24,62,65,0.488,3.9,4.29,133,133.0,122.0,11,15,27,1183.2,1161,564,513,69,452,13.0,822,68,6.0,56.0,5101,1.363,1.82
95,2012,LG Twins,28.1,4.36,57,72,0.442,4.02,4.34,133,133.0,132.0,1,11,35,1202.0,1235,580,537,65,422,23.0,735,71,6.0,57.0,5188,1.379,1.74
96,2012,Hanwha Eagles,28.0,4.86,53,77,0.408,4.55,4.97,133,133.0,130.0,3,6,29,1172.1,1148,647,593,106,488,18.0,936,68,3.0,82.0,5092,1.396,1.92
97,2011,Samsung Lions,28.0,3.86,79,50,0.612,3.35,3.86,133,133.0,132.0,1,12,48,1196.1,1191,513,445,92,395,8.0,841,38,5.0,40.0,5077,1.326,2.13
98,2011,SK Wyverns,28.9,3.92,71,59,0.546,3.59,3.94,133,133.0,132.0,1,9,37,1192.1,1001,522,476,93,541,24.0,1006,65,3.0,64.0,5032,1.293,1.86
99,2011,Kia Tigers,27.5,4.36,70,63,0.526,4.1,4.49,133,133.0,126.0,7,10,29,1163.2,1117,580,530,87,457,14.0,920,76,6.0,51.0,4991,1.353,2.01
100,2011,Lotte Giants,28.0,4.65,72,56,0.563,4.2,4.69,133,133.0,130.0,3,6,27,1187.0,1256,619,554,113,430,19.0,787,58,4.0,62.0,5114,1.42,1.83
101,2011,Doosan Bears,27.9,4.65,61,70,0.466,4.26,4.69,133,133.0,129.0,4,7,34,1188.2,1231,619,563,96,476,19.0,855,75,6.0,70.0,5170,1.436,1.8
102,2011,LG Twins,26.4,4.66,59,72,0.45,4.15,4.67,133,133.0,131.0,2,11,30,1193.2,1173,620,550,80,512,20.0,827,71,6.0,52.0,5209,1.412,1.62
103,2011,Nexen Heroes,27.3,4.68,51,80,0.389,4.36,4.78,133,133.0,133.0,0,10,30,1171.1,1167,622,568,81,601,16.0,830,76,1.0,73.0,5195,1.509,1.38
104,2011,Hanwha Eagles,25.4,5.47,59,72,0.45,5.11,5.57,133,133.0,129.0,4,6,26,1175.0,1273,727,667,128,524,10.0,938,55,2.0,91.0,5280,1.529,1.79
105,2010,SK Wyverns,28.7,4.1,84,47,0.641,3.71,4.09,133,133.0,131.0,2,11,36,1198.1,1074,545,494,117,543,27.0,1091,47,2.0,80.0,5114,1.349,2.01
106,2010,Samsung Lions,27.2,4.32,79,52,0.603,3.94,4.34,133,133.0,131.0,2,7,33,1193.2,1168,575,523,103,453,11.0,951,54,3.0,61.0,5119,1.358,2.1
107,2010,Kia Tigers,27.6,4.82,59,74,0.444,4.39,4.87,133,133.0,129.0,4,7,25,1183.2,1227,641,577,93,468,19.0,885,81,4.0,53.0,5205,1.432,1.89
108,2010,Nexen Heroes,26.5,4.9,52,78,0.4,4.55,4.95,133,133.0,132.0,1,2,27,1185.2,1162,652,599,122,614,17.0,832,95,3.0,66.0,5231,1.498,1.36
109,2010,Doosan Bears,26.1,5.03,73,57,0.562,4.62,5.1,133,133.0,131.0,2,7,30,1179.2,1190,669,606,135,437,6.0,888,85,2.0,58.0,5131,1.379,2.03
110,2010,Lotte Giants,26.4,5.34,69,61,0.531,4.82,5.35,133,133.0,126.0,7,6,21,1194.0,1291,710,640,149,419,41.0,779,78,3.0,49.0,5204,1.432,1.86
111,2010,LG Twins,29.1,5.61,57,71,0.445,5.23,5.65,133,133.0,130.0,3,8,31,1188.0,1279,746,690,125,560,23.0,793,104,6.0,74.0,5326,1.548,1.42
112,2010,Hanwha Eagles,26.1,5.74,49,82,0.374,5.43,5.87,133,133.0,127.0,6,6,24,1169.1,1290,763,705,146,551,17.0,806,72,5.0,65.0,5267,1.574,1.46
113,2009,SK Wyverns,27.6,4.14,80,47,0.63,3.67,4.08,133,133.0,131.0,2,4,33,1213.0,1141,550,494,130,519,34.0,1032,54,3.0,68.0,5203,1.369,1.99
114,2009,Kia Tigers,27.0,4.37,81,48,0.628,3.92,4.36,133,133.0,129.0,4,10,38,1199.0,1178,581,522,108,441,22.0,893,83,2.0,22.0,5176,1.35,2.02
115,2009,Doosan Bears,24.8,4.98,71,60,0.542,4.6,5.02,133,133.0,132.0,1,6,32,1186.1,1221,662,607,120,515,7.0,862,75,3.0,55.0,5205,1.463,1.67
116,2009,Lotte Giants,27.6,5.03,66,67,0.496,4.75,5.18,133,133.0,127.0,6,13,40,1162.1,1290,669,613,139,487,35.0,722,67,3.0,49.0,5165,1.529,1.48
117,2009,Samsung Lions,25.9,5.26,64,69,0.481,4.98,5.41,133,133.0,130.0,3,2,32,1163.2,1226,700,644,141,609,9.0,905,56,1.0,67.0,5209,1.577,1.49
118,2009,Woori Heroes,26.3,5.73,60,72,0.455,5.4,5.84,133,133.0,133.0,0,5,29,1174.1,1231,762,705,176,565,19.0,840,61,5.0,51.0,5221,1.529,1.49
119,2009,LG Twins,27.6,5.74,54,75,0.419,5.42,5.84,133,133.0,133.0,0,3,25,1175.0,1316,763,707,165,585,10.0,777,91,1.0,56.0,5339,1.618,1.33
120,2009,Hanwha Eagles,26.7,6.05,46,84,0.354,5.7,6.17,133,133.0,129.0,4,2,16,1174.0,1335,805,743,176,569,28.0,908,77,5.0,56.0,5346,1.622,1.6
121,2008,SK Wyverns,28.2,3.66,83,43,0.659,3.22,3.6,126,126.0,125.0,1,10,43,1151.0,1053,461,412,78,448,13.0,801,55,2.0,35.0,4855,1.304,1.79
122,2008,Lotte Giants,28.5,4.11,69,57,0.548,3.64,4.17,126,126.0,117.0,9,5,27,1119.0,1134,518,453,70,409,32.0,671,47,2.0,42.0,4769,1.379,1.64
123,2008,Doosan Bears,26.2,4.3,70,56,0.556,3.89,4.3,126,126.0,126.0,0,8,26,1134.2,1115,542,490,78,379,13.0,780,69,5.0,45.0,4857,1.317,2.06
124,2008,Kia Tigers,25.7,4.4,57,69,0.452,4.08,4.44,126,126.0,123.0,3,9,29,1124.0,1078,555,510,65,473,9.0,733,77,5.0,52.0,4850,1.38,1.55
125,2008,Hanwha Eagles,28.8,4.72,64,62,0.508,4.43,4.74,126,126.0,123.0,3,5,36,1129.2,1136,595,556,95,519,28.0,723,49,4.0,37.0,4911,1.465,1.39
126,2008,Samsung Lions,28.2,4.73,65,61,0.516,4.4,4.78,126,126.0,126.0,0,6,40,1123.1,1184,596,549,87,416,4.0,703,43,4.0,49.0,4867,1.424,1.69
127,2008,Woori Heroes,27.0,4.83,50,76,0.397,4.43,4.87,126,126.0,122.0,4,10,29,1125.1,1159,609,554,91,465,20.0,729,70,2.0,46.0,4933,1.443,1.57
128,2008,LG Twins,27.0,5.13,46,80,0.365,4.85,5.25,126,126.0,125.0,1,9,25,1108.1,1239,646,597,82,480,4.0,631,72,3.0,46.0,4976,1.551,1.31
129,2007,SK Wyverns,28.9,3.69,73,48,0.603,3.24,3.67,126,126.0,125.0,1,10,36,1139.1,1079,465,410,77,445,27.0,650,67,1.0,28.0,4852,1.338,1.46
130,2007,Doosan Bears,26.3,3.81,70,54,0.565,3.44,3.82,126,126.0,120.0,6,14,30,1131.1,1067,480,432,74,399,24.0,721,75,4.0,43.0,4814,1.296,1.81
131,2007,Hanwha Eagles,29.1,3.82,67,57,0.54,3.54,3.87,126,126.0,117.0,9,5,39,1119.0,1084,481,440,84,451,24.0,741,53,4.0,38.0,4781,1.372,1.64
132,2007,Samsung Lions,27.5,4.04,62,60,0.508,3.71,4.05,126,126.0,126.0,0,11,41,1131.2,1091,509,466,90,400,7.0,719,58,5.0,35.0,4824,1.318,1.8
133,2007,Lotte Giants,28.7,4.4,55,68,0.447,4.12,4.45,126,126.0,124.0,2,9,22,1120.2,1164,554,513,93,414,40.0,704,69,4.0,46.0,4871,1.408,1.7
134,2007,LG Twins,28.7,4.76,58,62,0.483,4.33,4.75,126,126.0,124.0,2,9,34,1135.2,1181,600,547,63,514,21.0,630,52,2.0,48.0,5014,1.493,1.23
135,2007,Kia Tigers,23.8,4.78,51,74,0.408,4.49,4.88,126,126.0,124.0,2,6,26,1109.2,1109,602,554,103,526,28.0,670,97,7.0,60.0,4933,1.473,1.27
136,2007,Hyundai Unicorns,26.8,4.88,56,69,0.448,4.41,4.91,126,126.0,125.0,1,2,27,1127.0,1104,615,552,119,466,20.0,796,48,4.0,32.0,4906,1.393,1.71
137,2006,Kia Tigers,24.0,3.58,64,59,0.52,3.33,3.63,126,126.0,124.0,2,9,35,1118.1,998,451,414,73,442,17.0,735,78,2.0,44.0,4725,1.288,1.66
138,2006,Hyundai Unicorns,27.1,3.71,70,55,0.56,3.41,3.77,126,126.0,124.0,2,15,41,1114.2,1053,467,422,69,394,0.0,816,71,0.0,39.0,4771,1.298,2.07
139,2006,Doosan Bears,26.4,3.71,63,60,0.512,3.36,3.77,126,126.0,119.0,7,10,39,1115.2,968,467,416,69,424,13.0,834,69,1.0,55.0,4690,1.248,1.97
140,2006,Samsung Lions,27.4,3.74,73,50,0.593,3.33,3.79,126,126.0,125.0,1,15,49,1118.0,1030,471,414,100,365,9.0,781,63,7.0,21.0,4699,1.248,2.14
141,2006,Hanwha Eagles,30.2,3.77,67,57,0.54,3.35,3.81,126,126.0,115.0,11,14,41,1121.1,1077,475,418,94,373,17.0,760,49,2.0,37.0,4731,1.293,2.04
142,2006,SK Wyverns,26.2,4.25,60,65,0.48,3.8,4.28,126,126.0,126.0,0,6,33,1124.0,1071,535,475,85,446,24.0,701,83,2.0,26.0,4819,1.35,1.57
143,2006,Lotte Giants,27.7,4.29,50,73,0.407,3.86,4.35,126,126.0,121.0,5,9,28,1118.2,1128,541,480,83,410,30.0,637,60,1.0,30.0,4822,1.375,1.55
144,2006,LG Twins,26.9,4.56,47,75,0.385,4.22,4.65,126,126.0,123.0,3,10,29,1110.0,1144,574,521,87,439,23.0,625,60,3.0,41.0,4834,1.426,1.42
145,2005,Doosan Bears,24.7,3.69,72,51,0.585,3.42,3.72,126,126.0,124.0,2,14,33,1125.0,1038,465,427,90,440,13.0,818,77,2.0,56.0,4774,1.314,1.86
146,2005,SK Wyverns,26.6,3.85,70,50,0.583,3.41,3.84,126,126.0,124.0,2,10,27,1137.0,1005,485,431,103,422,14.0,843,99,1.0,31.0,4822,1.255,2.0
147,2005,Samsung Lions,26.8,4.19,74,48,0.607,3.83,4.21,126,126.0,124.0,2,7,37,1129.1,1026,528,480,109,387,11.0,875,79,5.0,49.0,4791,1.251,2.26
148,2005,Lotte Giants,27.3,4.55,58,67,0.464,4.3,4.6,126,126.0,124.0,2,6,33,1120.1,1097,573,535,91,408,41.0,817,89,1.0,44.0,4845,1.343,2.0
149,2005,Hanwha Eagles,29.3,4.79,64,61,0.512,4.41,4.88,126,126.0,124.0,2,6,36,1111.0,1193,603,545,111,389,9.0,662,88,2.0,35.0,4870,1.424,1.7
150,2005,Hyundai Unicorns,26.1,5.13,53,70,0.431,4.68,5.22,126,126.0,124.0,2,9,28,1115.2,1175,647,580,125,422,2.0,803,80,3.0,43.0,4930,1.431,1.9
151,2005,Kia Tigers,25.5,5.23,49,76,0.392,4.81,5.37,126,126.0,118.0,8,5,24,1105.0,1166,659,591,138,510,16.0,786,119,3.0,59.0,4975,1.517,1.54
152,2005,LG Twins,27.2,5.29,54,71,0.432,4.9,5.44,126,126.0,123.0,3,7,31,1102.1,1212,666,600,109,480,27.0,781,80,5.0,48.0,4969,1.535,1.63
153,2004,Doosan Bears,26.3,4.21,70,62,0.53,3.88,4.28,133,133.0,129.0,4,12,38,1177.2,1144,560,508,95,457,18.0,799,75,3.0,49.0,5056,1.359,1.75
154,2004,Samsung Lions,25.6,4.24,73,52,0.584,3.76,4.24,133,133.0,129.0,4,9,42,1196.1,1092,564,500,118,505,17.0,994,85,6.0,43.0,5138,1.335,1.97
155,2004,Hyundai Unicorns,27.2,4.44,75,53,0.586,4.06,4.47,133,133.0,130.0,3,8,36,1187.0,1193,590,535,123,440,0.0,842,59,4.0,41.0,5135,1.376,1.91
156,2004,Lotte Giants,27.8,4.57,50,72,0.41,4.22,4.6,133,133.0,129.0,4,8,29,1190.1,1216,608,558,109,449,41.0,753,76,3.0,43.0,5160,1.399,1.68
157,2004,LG Twins,26.4,4.79,59,70,0.457,4.31,4.92,133,133.0,130.0,3,6,35,1164.1,1235,637,557,116,543,31.0,783,64,1.0,55.0,5180,1.527,1.44
158,2004,Kia Tigers,28.2,4.79,67,61,0.523,4.51,4.85,133,133.0,128.0,5,9,27,1183.0,1198,637,593,119,496,13.0,773,120,1.0,48.0,5199,1.432,1.56
159,2004,SK Wyverns,25.8,4.84,61,64,0.488,4.4,4.89,133,133.0,130.0,3,6,29,1186.1,1173,644,580,116,538,18.0,891,110,8.0,57.0,5216,1.442,1.66
160,2004,Hanwha Eagles,27.3,5.64,53,74,0.417,5.21,5.72,133,133.0,130.0,3,0,37,1180.2,1290,750,683,170,455,18.0,699,92,2.0,47.0,5267,1.478,1.54
161,2003,Kia Tigers,26.9,3.96,78,50,0.609,3.62,4.03,133,133.0,121.0,12,10,36,1178.0,1092,527,474,137,414,12.0,820,101,1.0,42.0,4999,1.278,1.98
162,2003,LG Twins,25.7,4.35,60,71,0.458,3.98,4.46,133,133.0,131.0,2,10,37,1169.2,1201,579,517,120,531,27.0,794,60,2.0,49.0,5166,1.481,1.5
163,2003,Samsung Lions,25.7,4.61,76,53,0.589,4.37,4.66,133,133.0,131.0,2,5,30,1183.0,1199,613,574,133,494,15.0,808,59,3.0,46.0,5150,1.431,1.64
164,2003,Hanwha Eagles,29.0,4.64,63,65,0.492,4.37,4.66,133,133.0,129.0,4,8,35,1192.0,1184,617,579,142,437,14.0,772,68,9.0,53.0,5165,1.36,1.77
165,2003,Doosan Bears,27.3,4.65,57,74,0.435,4.24,4.74,133,133.0,126.0,7,7,30,1175.2,1194,619,554,105,464,22.0,654,79,3.0,37.0,5144,1.41,1.41
166,2003,Hyundai Unicorns,27.1,4.71,80,51,0.611,4.13,4.74,133,133.0,131.0,2,4,39,1190.0,1245,627,546,120,457,6.0,840,62,2.0,56.0,5197,1.43,1.84
167,2003,SK Wyverns,25.8,4.83,66,64,0.508,4.44,4.89,133,133.0,130.0,3,10,43,1181.1,1190,642,583,135,497,19.0,759,83,2.0,42.0,5158,1.428,1.53
168,2003,Lotte Giants,27.1,5.33,39,91,0.3,5.01,5.48,133,133.0,130.0,3,4,22,1164.1,1302,709,648,171,435,16.0,647,93,3.0,36.0,5173,1.492,1.49
169,2002,Doosan Bears,27.2,4.23,66,65,0.504,3.93,4.28,133,133.0,130.0,3,6,38,1183.0,1139,562,517,99,479,30.0,954,60,2.0,44.0,5087,1.368,1.99
170,2002,LG Twins,28.1,4.32,66,61,0.52,3.93,4.35,133,133.0,131.0,2,9,32,1190.2,1119,575,520,135,501,30.0,896,100,5.0,40.0,5145,1.361,1.79
171,2002,Kia Tigers,28.3,4.36,78,51,0.605,3.92,4.37,133,133.0,123.0,10,7,38,1195.0,1185,580,520,151,370,14.0,862,97,2.0,55.0,5106,1.301,2.33
172,2002,Samsung Lions,26.3,4.37,82,47,0.636,3.92,4.37,133,133.0,131.0,2,8,37,1197.2,1182,581,521,148,385,16.0,987,74,3.0,45.0,5089,1.308,2.56
173,2002,Hyundai Unicorns,25.2,4.62,70,58,0.547,4.23,4.66,133,133.0,130.0,3,6,38,1186.1,1219,614,558,142,416,12.0,890,64,5.0,54.0,5131,1.378,2.14
174,2002,SK Wyverns,26.0,4.8,61,69,0.469,4.47,4.87,133,133.0,128.0,5,7,25,1179.0,1150,638,586,176,402,34.0,948,78,3.0,34.0,5074,1.316,2.36
175,2002,Hanwha Eagles,30.3,5.05,59,69,0.461,4.79,5.11,133,133.0,125.0,8,5,32,1184.2,1254,672,631,146,392,29.0,953,102,4.0,42.0,5198,1.389,2.43
176,2002,Lotte Giants,26.4,5.34,35,97,0.265,4.72,5.47,133,133.0,128.0,5,7,13,1168.0,1269,710,612,130,443,16.0,775,83,1.0,40.0,5156,1.466,1.75
177,2001,Hyundai Unicorns,25.4,4.72,72,57,0.558,4.34,4.78,133,133.0,127.0,6,3,39,1183.1,1250,628,570,98,531,8.0,757,54,1.0,54.0,5218,1.505,1.43
178,2001,SK Wyverns,27.9,4.81,60,71,0.458,4.38,4.92,133,133.0,122.0,11,8,33,1171.1,1148,640,570,155,508,31.0,908,65,1.0,54.0,5110,1.414,1.79
179,2001,Samsung Lions,26.0,4.84,81,52,0.609,4.39,4.88,133,133.0,126.0,7,6,43,1187.1,1195,644,579,132,561,20.0,844,61,8.0,38.0,5243,1.479,1.5
180,2001,Lotte Giants,26.5,5.04,59,70,0.457,4.68,5.15,133,133.0,133.0,0,3,33,1171.2,1238,670,609,128,523,23.0,790,61,2.0,53.0,5189,1.503,1.51
181,2001,Kia Tigers,27.8,5.47,60,68,0.469,5.01,5.55,133,133.0,123.0,10,6,28,1178.2,1231,727,656,160,499,17.0,743,79,3.0,51.0,5207,1.468,1.49
182,2001,LG Twins,27.6,5.5,58,67,0.464,5.09,5.56,133,133.0,133.0,0,3,26,1184.2,1253,732,670,127,647,43.0,765,69,6.0,52.0,5380,1.604,1.18
183,2001,Hanwha Eagles,28.7,5.51,61,68,0.473,4.82,5.57,133,133.0,126.0,7,5,25,1185.0,1288,733,634,142,541,44.0,813,66,5.0,57.0,5331,1.543,1.5
184,2001,Doosan Bears,27.5,5.51,65,63,0.508,4.96,5.59,133,133.0,132.0,1,3,35,1180.1,1290,733,650,128,546,17.0,799,60,0.0,47.0,5282,1.555,1.46
185,2000,Hyundai Unicorns,26.2,3.97,91,40,0.695,3.64,4.0,133,0.0,0.0,5,2,51,1189.1,1111,528,481,95,451,0.0,997,34,0.0,0.0,5014,1.313,2.21
186,2000,Lotte Giants,25.8,3.98,59,58,0.504,4.03,4.39,133,0.0,0.0,6,1,33,1085.1,1029,529,486,116,397,0.0,839,53,0.0,0.0,4612,1.314,2.11
187,2000,Doosan Bears,26.1,4.29,72,51,0.585,4.1,4.61,133,0.0,0.0,3,1,52,1111.2,1116,570,507,98,487,0.0,808,56,0.0,0.0,4866,1.442,1.66
188,2000,LG Twins,26.8,4.74,67,63,0.515,4.45,4.79,133,0.0,0.0,7,1,33,1185.2,1197,631,586,113,449,0.0,886,61,0.0,0.0,5127,1.388,1.97
189,2000,Samsung Lions,25.6,5.04,69,59,0.539,4.64,5.09,133,0.0,0.0,6,2,34,1184.1,1233,670,610,130,524,0.0,880,77,0.0,0.0,5229,1.484,1.68
190,2000,Haitai Tigers,26.4,5.16,50,68,0.424,5.07,5.61,133,0.0,0.0,9,1,26,1101.0,1180,686,620,167,458,0.0,818,88,0.0,0.0,4933,1.488,1.79
191,2000,Hanwha Eagles,27.4,5.83,50,78,0.391,5.24,5.91,133,0.0,0.0,7,2,31,1182.2,1248,776,689,189,527,0.0,805,83,0.0,0.0,5296,1.501,1.53
192,2000,SK Wyverns,28.7,6.17,44,83,0.346,5.87,6.42,133,0.0,0.0,1,0,21,1149.2,1357,820,750,188,513,0.0,707,71,0.0,0.0,5261,1.627,1.38
193,1999,Lotte Giants,26.5,4.47,75,52,0.591,4.18,4.51,132,0.0,0.0,15,2,34,1177.9,1125,590,547,146,431,0.0,852,54,0.0,0.0,5002,1.321,1.98
194,1999,Doosan Bears,24.5,4.73,74,48,0.607,4.6,5.0,132,0.0,0.0,4,1,40,1124.1,1139,625,575,125,478,0.0,790,70,0.0,0.0,4904,1.438,1.65
195,1999,Hyundai Unicorns,26.4,4.89,68,59,0.535,4.47,4.92,132,0.0,0.0,10,1,25,1181.1,1268,646,587,141,473,0.0,910,60,0.0,0.0,5188,1.474,1.92
196,1999,Hanwha Eagles,28.3,4.96,70,56,0.556,4.82,5.31,132,0.0,0.0,13,3,42,1109.1,1133,655,594,165,392,0.0,841,54,0.0,0.0,4823,1.375,2.15
197,1999,Haitai Tigers,26.5,5.27,54,61,0.47,5.41,5.93,132,0.0,0.0,3,1,20,1055.2,1155,695,635,170,404,0.0,703,97,0.0,0.0,4702,1.477,1.74
198,1999,Samsung Lions,24.1,5.27,70,53,0.569,5.03,5.5,132,0.0,0.0,4,1,40,1136.2,1212,695,635,145,468,0.0,904,57,0.0,0.0,5041,1.478,1.93
199,1999,LG Twins,28.7,5.86,61,70,0.466,5.49,5.99,132,0.0,0.0,2,1,40,1161.1,1301,773,708,157,511,0.0,813,78,0.0,0.0,5236,1.56,1.59
200,1999,Ssangbangwool Raiders,27.4,6.23,28,96,0.226,5.85,6.39,132,0.0,0.0,6,1,14,1160.0,1336,823,754,187,481,0.0,660,103,0.0,0.0,5258,1.566,1.37
201,1998,Hyundai Unicorns,27.8,3.29,77,43,0.642,2.97,3.53,126,0.0,0.0,11,6,32,1056.9,910,415,349,91,402,0.0,835,30,0.0,0.0,4412,1.241,2.08
202,1998,OB Bears,25.3,3.86,60,61,0.496,3.58,4.04,126,0.0,0.0,15,6,28,1083.1,1022,486,431,85,402,0.0,747,52,0.0,0.0,4584,1.314,1.86
203,1998,Haitai Tigers,25.5,4.21,61,64,0.488,3.91,4.31,126,0.0,0.0,6,3,39,1108.1,1064,531,481,121,351,0.0,870,76,0.0,0.0,4678,1.277,2.48
204,1998,Ssangbangwool Raiders,26.7,4.24,54,60,0.474,4.07,4.66,126,0.0,0.0,5,1,22,1031.2,1067,534,466,98,334,0.0,596,78,0.0,0.0,4436,1.358,1.78
205,1998,Hanwha Eagles,26.9,4.59,55,66,0.455,4.26,4.65,126,0.0,0.0,8,2,30,1118.8,1105,578,529,114,405,0.0,840,40,0.0,0.0,4783,1.35,2.07
206,1998,LG Twins,28.7,4.62,61,62,0.496,4.22,4.75,126,0.0,0.0,3,1,31,1102.2,1120,582,517,109,342,0.0,677,78,0.0,0.0,4735,1.326,1.98
207,1998,Samsung Lions,25.9,4.63,66,58,0.532,4.32,4.66,126,0.0,0.0,10,0,26,1128.1,1120,584,541,133,477,0.0,723,69,0.0,0.0,4894,1.416,1.52
208,1998,Lotte Giants,24.9,5.08,50,72,0.41,4.6,5.22,126,0.0,0.0,20,4,17,1104.1,1134,640,564,115,375,0.0,689,73,0.0,0.0,4763,1.367,1.84
209,1997,Ssangbangwool Raiders,25.6,3.98,69,52,0.57,3.79,4.19,126,0.0,0.0,6,1,41,1079.2,1041,502,455,89,362,0.0,671,84,0.0,0.0,4576,1.3,1.85
210,1997,Haitai Tigers,25.6,4.02,75,50,0.6,3.62,4.04,126,0.0,0.0,11,4,38,1127.1,983,506,454,108,387,0.0,793,89,0.0,0.0,4703,1.215,2.05
211,1997,LG Twins,27.7,4.06,73,51,0.589,3.78,4.11,126,0.0,0.0,4,1,45,1121.1,1045,512,471,101,369,0.0,708,74,0.0,0.0,4713,1.261,1.92
212,1997,Hanwha Eagles,25.2,4.35,51,73,0.411,4.02,4.44,126,0.0,0.0,20,7,29,1112.1,1016,548,497,128,410,0.0,789,50,0.0,0.0,4663,1.282,1.92
213,1997,OB Bears,24.9,4.37,57,64,0.471,3.84,4.42,126,0.0,0.0,8,2,36,1123.0,1090,551,479,67,453,0.0,784,67,0.0,0.0,4835,1.374,1.73
214,1997,Hyundai Unicorns,26.9,4.62,51,71,0.418,4.21,4.73,126,0.0,0.0,9,1,37,1108.1,1050,582,519,123,423,0.0,755,57,0.0,0.0,4734,1.329,1.78
215,1997,Samsung Lions,25.5,4.75,66,53,0.555,4.19,4.77,126,0.0,0.0,9,2,38,1127.8,1098,598,525,97,490,0.0,677,94,0.0,0.0,4891,1.408,1.38
216,1997,Lotte Giants,24.5,4.95,48,77,0.384,4.61,5.05,126,0.0,0.0,9,0,25,1111.9,1159,624,569,116,463,0.0,638,47,0.0,0.0,4842,1.459,1.38
217,1996,Haitai Tigers,25.9,3.5,73,51,0.589,3.14,3.5,126,0.0,0.0,22,8,25,1133.8,945,441,396,98,373,0.0,805,66,0.0,0.0,4618,1.163,2.16
218,1996,Hyundai Unicorns,25.8,3.6,67,54,0.554,3.04,3.58,126,0.0,0.0,7,3,36,1140.2,974,454,385,76,378,0.0,749,54,0.0,0.0,4707,1.185,1.98
219,1996,Ssangbangwool Raiders,25.5,3.65,70,54,0.565,3.33,3.68,126,0.0,0.0,15,9,36,1125.5,1030,460,416,64,420,0.0,744,93,0.0,0.0,4761,1.288,1.77
220,1996,OB Bears,24.9,4.13,47,73,0.392,3.69,4.18,126,0.0,0.0,15,6,23,1119.2,1044,520,459,81,441,0.0,666,58,0.0,0.0,4759,1.326,1.51
221,1996,Hanwha Eagles,25.9,4.25,70,55,0.56,3.8,4.23,126,0.0,0.0,21,7,31,1137.1,1030,535,480,100,352,0.0,951,56,0.0,0.0,4759,1.215,2.7
222,1996,Lotte Giants,24.7,4.6,57,63,0.475,4.16,4.66,126,0.0,0.0,22,2,17,1120.8,1127,580,518,93,397,0.0,684,55,0.0,0.0,4786,1.36,1.72
223,1996,Samsung Lions,24.7,4.61,54,67,0.446,4.23,4.68,126,0.0,0.0,11,2,29,1117.1,1085,581,525,88,527,0.0,654,102,0.0,0.0,4901,1.443,1.24
224,1996,LG Twins,29.0,4.68,50,71,0.413,4.11,4.72,126,0.0,0.0,7,1,29,1124.1,1107,590,514,86,419,0.0,651,89,0.0,0.0,4847,1.357,1.55
225,1995,Haitai Tigers,27.1,3.44,64,58,0.525,3.06,3.46,126,0.0,0.0,15,4,40,1127.2,953,434,383,79,354,0.0,872,75,0.0,0.0,4620,1.159,2.46
226,1995,LG Twins,28.9,3.62,74,48,0.607,3.21,3.66,126,0.0,0.0,22,5,40,1122.1,996,456,400,62,322,0.0,607,58,0.0,0.0,4637,1.174,1.89
227,1995,Lotte Giants,24.5,3.91,68,53,0.562,3.47,3.9,126,0.0,0.0,19,5,28,1137.1,1049,493,439,83,328,0.0,642,53,0.0,0.0,4658,1.211,1.96
228,1995,OB Bears,25.4,3.97,74,47,0.612,3.42,3.92,126,0.0,0.0,22,8,35,1148.1,1031,500,437,68,399,0.0,701,56,0.0,0.0,4800,1.245,1.76
229,1995,Samsung Lions,23.9,4.23,59,59,0.5,3.89,4.47,126,0.0,0.0,18,5,28,1074.1,973,533,464,76,432,0.0,659,89,0.0,0.0,4619,1.308,1.53
230,1995,Pacific Dolphins,24.3,4.35,48,73,0.397,3.92,4.44,126,0.0,0.0,21,5,24,1112.0,1109,548,484,84,383,0.0,690,47,0.0,0.0,4754,1.342,1.8
231,1995,Hanwha Eagles,25.7,4.49,55,71,0.437,4.04,4.55,126,0.0,0.0,36,8,24,1119.0,1091,566,502,102,411,0.0,793,55,0.0,0.0,4812,1.342,1.93
232,1995,Ssangbangwool Raiders,25.2,5.02,45,77,0.369,4.68,5.17,126,0.0,0.0,21,5,21,1102.5,1128,633,573,124,473,0.0,621,79,0.0,0.0,4833,1.452,1.31
233,1994,LG Twins,27.4,3.59,81,45,0.643,3.14,3.63,126,0.0,0.0,24,9,46,1120.1,1007,452,391,68,332,0.0,581,60,0.0,0.0,4605,1.196,1.75
234,1994,Pacific Dolphins,24.4,3.74,68,55,0.553,3.5,3.78,126,0.0,0.0,17,3,47,1121.1,1110,471,436,59,359,0.0,645,44,0.0,0.0,4746,1.31,1.8
235,1994,Samsung Lions,23.4,3.81,58,59,0.496,3.45,4.0,126,0.0,0.0,26,6,20,1079.0,979,480,414,81,401,0.0,638,52,0.0,0.0,4540,1.279,1.59
236,1994,OB Bears,25.2,4.02,53,72,0.424,3.46,4.12,126,0.0,0.0,28,9,18,1107.2,1042,507,426,56,404,0.0,670,58,0.0,0.0,4676,1.305,1.66
237,1994,Haitai Tigers,26.3,4.04,65,59,0.524,3.6,4.09,126,0.0,0.0,28,6,24,1119.2,999,509,448,92,406,0.0,737,73,0.0,0.0,4702,1.255,1.82
238,1994,Hanwha Eagles,25.7,4.05,65,59,0.524,3.52,4.08,126,0.0,0.0,22,5,29,1123.2,1036,510,440,95,361,0.0,745,40,0.0,0.0,4716,1.243,2.06
239,1994,Lotte Giants,24.0,4.79,56,67,0.455,4.44,4.89,126,0.0,0.0,14,3,35,1112.1,1156,604,549,101,419,0.0,590,44,0.0,0.0,4791,1.416,1.41
240,1994,Ssangbangwool Raiders,24.3,5.03,47,74,0.388,4.74,5.11,126,0.0,0.0,13,3,30,1115.8,1169,634,587,110,473,0.0,634,74,0.0,0.0,4890,1.472,1.34
241,1993,OB Bears,25.2,3.21,66,55,0.545,2.89,3.23,126,0.0,0.0,27,9,27,1128.2,949,405,362,39,386,0.0,684,49,0.0,0.0,4618,1.183,1.77
242,1993,Haitai Tigers,25.8,3.33,81,42,0.659,2.92,3.35,126,0.0,0.0,16,6,43,1129.2,935,420,367,76,372,0.0,802,75,0.0,0.0,4630,1.157,2.16
243,1993,Samsung Lions,24.1,3.37,73,47,0.608,2.91,3.39,126,0.0,0.0,28,11,30,1129.1,979,425,365,70,456,0.0,677,49,0.0,0.0,4691,1.271,1.48
244,1993,LG Twins,27.0,3.49,66,57,0.537,3.07,3.51,126,0.0,0.0,19,6,36,1126.2,1020,440,384,71,385,0.0,655,64,0.0,0.0,4696,1.247,1.7
245,1993,Lotte Giants,24.3,3.67,62,63,0.496,3.33,3.71,126,0.0,0.0,44,14,17,1120.5,1088,462,415,57,348,0.0,512,30,0.0,0.0,4669,1.281,1.47
246,1993,Binggre Eagles,25.5,3.96,61,62,0.496,3.5,3.96,126,0.0,0.0,33,5,26,1135.1,1047,499,441,86,371,0.0,675,50,0.0,0.0,4757,1.249,1.82
247,1993,Pacific Dolphins,24.2,4.1,34,82,0.293,3.58,4.09,126,0.0,0.0,36,2,15,1134.2,1095,516,451,65,412,0.0,635,39,0.0,0.0,4801,1.328,1.54
248,1993,Ssangbangwool Raiders,25.3,4.37,43,78,0.355,4.0,4.48,126,0.0,0.0,24,4,30,1106.0,1032,551,491,88,528,0.0,654,62,0.0,0.0,4787,1.41,1.24
249,1992,Binggre Eagles,25.8,4.13,81,43,0.653,3.68,4.18,126,0.0,0.0,27,7,35,1120.0,1024,520,458,108,415,0.0,653,52,0.0,0.0,4747,1.285,1.57
250,1992,Haitai Tigers,25.2,4.53,71,54,0.568,4.21,4.65,126,0.0,0.0,25,7,28,1105.1,1101,571,517,118,405,0.0,679,69,0.0,0.0,4767,1.362,1.68
251,1992,Lotte Giants,23.9,4.61,71,55,0.563,4.28,4.7,126,0.0,0.0,39,6,17,1113.2,1152,581,529,99,410,0.0,581,37,0.0,0.0,4778,1.403,1.42
252,1992,OB Bears,26.7,4.62,56,66,0.459,4.21,4.65,126,0.0,0.0,30,4,21,1127.2,1105,582,527,96,493,0.0,595,61,0.0,0.0,4878,1.418,1.21
253,1992,Pacific Dolphins,24.2,4.83,56,67,0.455,4.48,4.93,126,0.0,0.0,26,2,25,1111.1,1128,609,553,125,509,0.0,653,45,0.0,0.0,4848,1.473,1.28
254,1992,LG Twins,25.7,4.89,53,70,0.431,4.29,4.9,126,0.0,0.0,22,5,20,1130.2,1171,616,539,83,487,0.0,648,65,0.0,0.0,4967,1.466,1.33
255,1992,Samsung Lions,23.7,5.05,67,57,0.54,4.55,5.08,126,0.0,0.0,23,6,25,1125.2,1085,636,569,102,636,0.0,640,52,0.0,0.0,4984,1.529,1.01
256,1992,Ssangbangwool Raiders,24.3,5.44,41,84,0.328,4.85,5.66,126,0.0,0.0,14,4,17,1091.1,1106,686,588,140,516,0.0,600,65,0.0,0.0,4828,1.486,1.16
257,1991,Haitai Tigers,25.0,3.25,79,42,0.653,2.89,3.26,126,0.0,0.0,34,10,28,1130.2,925,409,363,73,325,0.0,777,53,0.0,0.0,4546,1.106,2.39
258,1991,Binggre Eagles,25.8,3.91,72,49,0.595,3.28,3.93,126,0.0,0.0,30,5,28,1128.0,1014,493,411,75,420,0.0,602,73,0.0,0.0,4754,1.271,1.43
259,1991,Lotte Giants,25.2,4.18,61,59,0.508,3.91,4.37,126,0.0,0.0,37,5,13,1085.1,1019,527,472,67,431,0.0,612,51,0.0,0.0,4589,1.336,1.42
260,1991,Samsung Lions,26.3,4.6,70,55,0.56,4.23,4.62,126,0.0,0.0,14,4,38,1128.2,1131,579,531,108,484,0.0,527,40,0.0,0.0,4860,1.431,1.09
261,1991,Pacific Dolphins,24.7,4.62,55,72,0.433,4.09,4.53,126,0.0,0.0,33,6,20,1156.2,1099,582,525,100,516,0.0,627,43,0.0,0.0,4955,1.396,1.22
262,1991,OB Bears,25.4,4.71,51,73,0.411,4.21,4.75,126,0.0,0.0,28,6,11,1123.8,1093,593,526,82,506,0.0,479,55,0.0,0.0,4850,1.423,0.95
263,1991,LG Twins,25.8,4.83,53,72,0.424,4.35,4.86,126,0.0,0.0,27,3,24,1124.9,1125,608,544,90,446,0.0,622,70,0.0,0.0,4889,1.396,1.39
264,1991,Ssangbangwool Raiders,23.3,5.06,52,71,0.423,4.69,5.22,126,0.0,0.0,13,3,31,1099.2,1101,638,573,116,555,0.0,551,64,0.0,0.0,4838,1.506,0.99
265,1990,LG Twins,26.9,3.81,71,49,0.592,3.38,3.8,120,0.0,0.0,19,5,33,1083.0,981,457,407,49,410,0.0,549,61,0.0,0.0,4550,1.284,1.34
266,1990,Haitai Tigers,24.1,3.82,68,49,0.581,3.36,3.86,120,0.0,0.0,34,14,14,1067.2,903,458,399,75,412,0.0,701,50,0.0,0.0,4435,1.232,1.7
267,1990,Binggre Eagles,25.4,4.01,68,50,0.576,3.4,4.07,120,0.0,0.0,6,1,40,1063.1,971,481,402,96,419,0.0,557,37,0.0,0.0,4476,1.307,1.33
268,1990,Pacific Dolphins,25.4,4.37,58,60,0.492,3.71,4.29,120,0.0,0.0,25,7,27,1100.2,1066,524,453,59,473,0.0,533,32,0.0,0.0,4714,1.399,1.13
269,1990,Samsung Lions,25.2,4.65,66,52,0.559,4.13,4.7,120,0.0,0.0,21,3,36,1069.1,1053,558,491,102,512,0.0,475,53,0.0,0.0,4630,1.464,0.93
270,1990,Lotte Giants,25.4,4.77,44,70,0.386,4.42,4.93,120,0.0,0.0,19,6,20,1045.1,1035,572,513,82,435,0.0,481,54,0.0,0.0,4505,1.407,1.11
271,1990,OB Bears,25.6,5.13,35,80,0.304,4.72,5.25,120,0.0,0.0,20,6,10,1055.5,1075,616,554,78,535,0.0,467,58,0.0,0.0,4651,1.525,0.87
272,1989,Pacific Dolphins,24.7,3.67,62,54,0.534,3.03,3.63,120,0.0,0.0,35,6,19,1091.2,952,440,368,49,440,0.0,589,40,0.0,0.0,4511,1.275,1.34
273,1989,Haitai Tigers,24.3,3.68,65,51,0.56,3.34,3.69,120,0.0,0.0,30,12,20,1078.2,928,442,400,63,400,0.0,695,37,0.0,0.0,4479,1.231,1.74
274,1989,Binggre Eagles,24.5,3.97,71,46,0.607,3.47,3.98,120,0.0,0.0,26,6,26,1076.2,982,476,415,75,433,0.0,537,43,0.0,0.0,4539,1.314,1.24
275,1989,OB Bears,25.8,4.01,54,63,0.462,3.69,4.04,120,0.0,0.0,17,7,20,1072.1,969,481,440,60,527,0.0,543,32,0.0,0.0,4551,1.395,1.03
276,1989,Lotte Giants,24.6,4.35,48,67,0.417,3.91,4.37,120,0.0,0.0,37,5,11,1076.1,1072,522,467,68,390,0.0,508,50,0.0,0.0,4569,1.359,1.3
277,1989,MBC Blue Dragons,26.2,4.84,49,67,0.422,4.28,4.89,120,0.0,0.0,8,0,30,1069.8,1139,581,509,61,455,0.0,451,46,0.0,0.0,4693,1.49,0.99
278,1989,Samsung Lions,27.6,4.9,57,58,0.496,4.42,4.96,120,0.0,0.0,26,6,27,1067.2,1094,588,524,84,516,0.0,470,44,0.0,0.0,4688,1.508,0.91
279,1988,Haitai Tigers,25.2,3.37,68,38,0.642,2.86,3.38,108,0.0,0.0,26,7,23,968.2,849,364,308,58,297,0.0,501,37,0.0,0.0,3981,1.183,1.69
280,1988,Binggre Eagles,26.0,4.08,62,45,0.579,3.73,4.1,108,0.0,0.0,27,8,28,969.1,1015,441,402,72,298,0.0,394,39,0.0,0.0,4091,1.355,1.32
281,1988,Lotte Giants,26.7,4.1,57,49,0.538,3.59,4.13,108,0.0,0.0,30,7,18,966.1,961,443,385,55,329,0.0,476,31,0.0,0.0,4086,1.335,1.45
282,1988,OB Bears,28.3,4.14,54,52,0.509,3.73,4.15,108,0.0,0.0,17,5,19,969.1,933,447,402,69,381,0.0,388,35,0.0,0.0,4105,1.356,1.02
283,1988,MBC Blue Dragons,26.2,4.55,40,64,0.385,3.96,4.6,108,0.0,0.0,36,4,14,961.1,1038,491,423,69,373,0.0,347,46,0.0,0.0,4188,1.468,0.93
284,1988,Samsung Lions,27.6,4.56,56,50,0.528,4.18,4.58,108,0.0,0.0,22,9,21,967.0,953,492,449,80,403,0.0,341,40,0.0,0.0,4151,1.402,0.85
285,1988,Pacific Dolphins,25.4,5.04,34,73,0.318,4.61,5.18,108,0.0,0.0,20,3,11,945.0,1020,544,484,79,305,0.0,387,38,0.0,0.0,4053,1.402,1.27
286,1987,Haitai Tigers,23.9,3.71,55,48,0.534,3.15,3.68,108,0.0,0.0,26,8,14,982.0,864,401,344,52,372,0.0,494,32,0.0,0.0,4050,1.259,1.33
287,1987,Lotte Giants,27.0,3.74,54,49,0.524,3.36,3.73,108,0.0,0.0,51,12,9,975.2,971,404,364,40,331,0.0,504,34,0.0,0.0,4097,1.334,1.52
288,1987,OB Bears,28.2,3.75,55,52,0.514,3.26,3.79,108,0.0,0.0,38,8,21,960.2,906,405,348,38,407,0.0,383,32,0.0,0.0,4064,1.367,0.94
289,1987,MBC Blue Dragons,26.8,3.77,50,51,0.495,3.36,3.77,108,0.0,0.0,20,4,26,971.5,966,407,363,48,335,0.0,372,50,0.0,0.0,4118,1.339,1.11
290,1987,Samsung Lions,27.7,3.95,64,44,0.593,3.58,4.01,108,0.0,0.0,26,8,30,959.1,926,427,381,62,416,0.0,360,45,0.0,0.0,4078,1.399,0.87
291,1987,Binggre Eagles,26.3,4.2,47,57,0.452,3.78,4.28,108,0.0,0.0,51,6,7,955.1,970,454,401,75,281,0.0,364,37,0.0,0.0,4020,1.309,1.3
292,1987,Chungbo Pintos,26.6,4.85,41,65,0.387,4.36,4.93,108,0.0,0.0,42,5,9,956.1,1063,524,463,69,327,0.0,328,36,0.0,0.0,4140,1.454,1.0
293,1986,OB Bears,27.0,3.16,56,48,0.538,2.61,3.15,108,0.0,0.0,30,12,19,975.2,820,341,283,43,390,0.0,394,29,0.0,0.0,4003,1.24,1.01
294,1986,Lotte Giants,27.3,3.33,50,52,0.49,2.74,3.29,108,0.0,0.0,33,6,11,983.2,896,360,299,48,325,0.0,520,49,0.0,0.0,4097,1.241,1.6
295,1986,MBC Blue Dragons,25.9,3.34,59,41,0.59,2.78,3.3,108,0.0,0.0,11,3,30,984.5,880,361,304,45,341,0.0,415,32,0.0,0.0,4038,1.24,1.22
296,1986,Samsung Lions,28.2,3.42,70,37,0.654,2.95,3.44,108,0.0,0.0,34,7,33,966.2,848,369,317,62,385,0.0,388,29,0.0,0.0,4012,1.276,1.01
297,1986,Haitai Tigers,24.2,3.44,67,37,0.644,2.86,3.41,108,0.0,0.0,28,11,23,982.8,857,372,312,41,334,0.0,533,34,0.0,0.0,4058,1.212,1.6
298,1986,Binggre Eagles,26.3,4.32,31,76,0.29,3.65,4.4,108,0.0,0.0,42,8,3,955.9,932,467,388,90,284,0.0,407,47,0.0,0.0,3993,1.272,1.43
299,1986,Chungbo Pintos,26.7,4.69,32,74,0.302,3.99,4.73,108,0.0,0.0,24,6,10,962.2,1001,506,427,68,356,0.0,408,57,0.0,0.0,4163,1.41,1.15
300,1985,Samsung Lions,29.3,3.45,77,32,0.706,2.97,3.41,110,0.0,0.0,27,5,41,1001.5,871,379,331,62,368,0.0,496,34,0.0,0.0,4121,1.237,1.35
301,1985,MBC Blue Dragons,26.3,3.71,44,65,0.404,3.24,3.74,110,0.0,0.0,28,4,13,981.9,902,408,354,63,385,0.0,353,44,0.0,0.0,4124,1.311,0.92
302,1985,OB Bears,26.7,3.78,51,57,0.472,3.14,3.77,110,0.0,0.0,25,3,13,993.0,882,416,346,64,386,0.0,433,40,0.0,0.0,4112,1.277,1.12
303,1985,Lotte Giants,27.1,3.82,59,51,0.536,3.05,3.81,110,0.0,0.0,32,11,15,992.1,936,420,336,60,324,0.0,513,44,0.0,0.0,4131,1.27,1.58
304,1985,Haitai Tigers,24.4,4.23,57,52,0.523,3.64,4.23,110,0.0,0.0,11,2,20,988.8,979,465,400,83,296,0.0,450,51,0.0,0.0,4146,1.29,1.52
305,1985,Chungbo Pintos,28.7,5.52,39,70,0.358,4.88,5.58,110,0.0,0.0,38,3,15,978.1,1130,607,530,118,399,0.0,394,60,0.0,0.0,4359,1.563,0.99
306,1984,OB Bears,24.7,2.98,58,41,0.586,2.54,3.03,100,0.0,0.0,13,2,31,885.1,720,298,250,51,331,0.0,445,44,0.0,0.0,3601,1.187,1.34
307,1984,MBC Blue Dragons,26.0,3.74,51,48,0.515,3.19,3.75,100,0.0,0.0,39,6,10,897.1,876,374,318,59,275,0.0,356,43,0.0,0.0,3741,1.283,1.29
308,1984,Samsung Lions,28.3,3.79,55,45,0.55,3.35,3.85,100,0.0,0.0,30,6,13,886.2,806,379,330,48,380,0.0,476,44,0.0,0.0,3740,1.338,1.25
309,1984,Lotte Giants,26.1,3.9,50,48,0.51,3.31,3.99,100,0.0,0.0,26,1,11,880.2,865,390,324,75,300,0.0,454,40,0.0,0.0,3723,1.323,1.51
310,1984,Haitai Tigers,25.2,3.98,43,54,0.443,3.17,4.0,100,0.0,0.0,26,6,12,896.1,833,398,316,67,279,0.0,459,40,0.0,0.0,3749,1.241,1.65
311,1984,Sammi Superstars,27.2,4.61,38,59,0.392,4.05,4.61,100,0.0,0.0,24,2,18,899.1,895,461,405,83,372,0.0,461,50,0.0,0.0,3845,1.409,1.24
312,1983,MBC Blue Dragons,26.1,3.35,55,43,0.561,2.72,3.32,100,0.0,0.0,31,6,17,908.2,787,335,275,45,298,0.0,367,44,0.0,0.0,3725,1.194,1.23
313,1983,Sammi Superstars,28.6,3.72,52,47,0.525,3.05,3.68,100,0.0,0.0,56,7,8,909.0,848,372,308,66,263,0.0,392,36,0.0,0.0,3713,1.222,1.49
314,1983,Haitai Tigers,25.3,3.9,55,44,0.556,3.16,3.97,100,0.0,0.0,27,10,14,883.5,803,390,310,56,286,0.0,456,45,0.0,0.0,3707,1.232,1.59
315,1983,Samsung Lions,26.1,4.18,46,50,0.479,3.42,4.18,100,0.0,0.0,34,7,12,899.2,833,418,342,65,335,0.0,399,58,0.0,0.0,3785,1.299,1.19
316,1983,OB Bears,26.9,4.32,44,55,0.444,3.54,4.36,100,0.0,0.0,27,8,18,892.2,897,432,351,81,315,0.0,329,62,0.0,0.0,3789,1.358,1.04
317,1983,Lotte Giants,26.4,4.64,43,56,0.434,3.79,4.65,100,0.0,0.0,29,4,7,897.8,935,464,378,90,260,0.0,415,47,0.0,0.0,3827,1.331,1.6
318,1982,Samsung Lions,27.2,3.21,53,26,0.671,2.7,3.28,80,0.0,0.0,23,8,17,704.1,618,257,211,57,187,0.0,305,30,0.0,0.0,2830,1.143,1.63
319,1982,OB Bears,26.5,3.98,56,24,0.7,3.19,3.95,80,0.0,0.0,32,4,10,725.1,625,318,257,41,289,0.0,318,33,0.0,0.0,3020,1.26,1.1
320,1982,MBC Blue Dragons,25.9,4.38,46,33,0.582,3.51,4.45,80,0.0,0.0,19,8,15,708.1,660,350,276,52,259,0.0,394,47,0.0,0.0,2994,1.298,1.52
321,1982,Lotte Giants,26.3,4.81,31,49,0.388,3.95,4.86,80,0.0,0.0,26,4,4,713.2,763,385,313,69,261,0.0,363,29,0.0,0.0,3080,1.435,1.39
322,1982,Haitai Tigers,23.5,4.85,38,42,0.475,3.76,4.93,80,0.0,0.0,24,2,3,707.9,698,388,296,50,295,0.0,348,39,0.0,0.0,3067,1.403,1.18
323,1982,Sammi Superstars,24.3,7.18,15,65,0.188,6.23,7.47,80,0.0,0.0,7,0,5,692.0,883,574,479,93,313,0.0,175,50,0.0,0.0,3217,1.728,0.56
